24	2.64532e-05	1.3434701388555048e-05	-1.30185e-05
25	0.000115643	6.325502259467238e-05	-5.2388e-05
26	0.000155612	9.204164703232565e-05	-6.35704e-05
27	0.00018445	0.00011744733525556497	-6.70027e-05
28	0.000212782	0.00013563835857788743	-7.71436e-05
29	0.000329943	0.00016278160932738464	-0.000167161
30	0.00037302	0.0001792476476921183	-0.000193772
31	0.000380753	0.00018868125297472096	-0.000192072
32	0.000488879	0.0002134750710675901	-0.000275404
33	0.00054764	0.00022794885114051588	-0.000319691
34	0.000657645	0.00024975020837854735	-0.000407895
35	0.0104257	0.0014776522150791896	-0.00894805
36	0.0102901	0.0014743897652787156	-0.00881571
37	0.0101684	0.001485015523973469	-0.00868338
38	0.01026	0.0015043343835954297	-0.00875567
39	0.0104572	0.0015441531079519995	-0.00891305
40	0.0111003	0.001625724786628769	-0.00947458
41	0.0114813	0.001710407984281983	-0.00977089
42	0.011431	0.0017611524709314483	-0.00966985
43	0.010771	0.0017083165347099888	-0.00906268
44	0.0100504	0.0016639347256110228	-0.00838647
45	0.00988607	0.001679941682719333	-0.00820613
46	0.0101521	0.0017383063179323784	-0.00841379
47	0.0103356	0.0018419469130352317	-0.00849365
48	0.0107308	0.00196674312156649	-0.00876406
49	0.0110426	0.0021005112814394267	-0.00894209
50	0.0114049	0.0022367662267359354	-0.00916813
51	0.0115913	0.002364366804299661	-0.00922693
52	0.0116268	0.0024951053423194194	-0.00913169
53	0.0114394	0.002561330529169925	-0.00887807
54	0.010641	0.002504028126801755	-0.00813697
55	0.00996962	0.0024387070956262604	-0.00753091
56	0.00957737	0.0024094791128698536	-0.00716789
57	0.00922842	0.0023914433081790617	-0.00683698
58	0.00901752	0.0023771527604133386	-0.00664037
59	0.00896042	0.0023517913795342744	-0.00660863
60	0.00894387	0.002319703143320973	-0.00662417
61	0.00877069	0.0022587755426377574	-0.00651191
62	0.0086492	0.002198585444844687	-0.00645061
63	0.0083499	0.0021164779331572293	-0.00623342
64	0.0081189	0.002007235889262192	-0.00611166
65	0.00773714	0.0019105544057332054	-0.00582659
66	0.00738009	0.001858725961347527	-0.00552136
67	0.00733853	0.0018383688806026957	-0.00550016
68	0.00719224	0.0018269437316628687	-0.0053653
69	0.00703779	0.0018190244370626467	-0.00521877
70	0.00706757	0.001799367126501953	-0.0052682
71	0.00696573	0.0018019049368347849	-0.00516383
72	0.00709091	0.0018425553529196014	-0.00524835
73	0.0071637	0.0018783176684534577	-0.00528538
74	0.00699298	0.0018156465023134835	-0.00517733
75	0.00658649	0.0017111594940099637	-0.00487533
76	0.00645307	0.0016421776757171668	-0.00481089
77	0.00620538	0.0015993822124665956	-0.004606
78	0.00615161	0.001603955873800827	-0.00454765
79	0.00605519	0.0016426975009131855	-0.00441249
80	0.00620444	0.0016842059072789204	-0.00452023
81	0.00625749	0.0017343300911099307	-0.00452316
82	0.00648502	0.0018517002458304805	-0.00463332
83	0.00677037	0.0020275296533829278	-0.00474284
84	0.00671638	0.002004516704672075	-0.00471186
85	0.0062611	0.0017955778480865422	-0.00446552
86	0.00590933	0.0015992520060454866	-0.00431008
87	0.00556494	0.001497306381247716	-0.00406763
88	0.00543983	0.0014724512475075848	-0.00396738
89	0.00540101	0.0015029812944750806	-0.00389803
90	0.00538959	0.0015874355232077494	-0.00380215
91	0.00555626	0.0016512568222463663	-0.003905
92	0.00561618	0.001747204233131209	-0.00386898
93	0.00595646	0.0019098364838306477	-0.00404662
94	0.00605967	0.0020472960171810596	-0.00401237
95	0.00613296	0.002038709682660623	-0.00409425
96	0.00567718	0.0018613901190747168	-0.00381579
97	0.00531956	0.0016948543913534284	-0.00362471
98	0.00523145	0.0016458104491587967	-0.00358564
99	0.00518151	0.0016824476203497417	-0.00349906
100	0.00512022	0.001761781349364905	-0.00335844
101	0.00515592	0.0018419137539905587	-0.00331401
102	0.00530872	0.0019067266799772035	-0.00340199
103	0.00531009	0.001955763761679834	-0.00335433
104	0.00522314	0.0019788517470219515	-0.00324429
105	0.00517428	0.0019634696663934303	-0.00321081
106	0.00507606	0.0019275306931905393	-0.00314853
107	0.00494726	0.0018740661643894562	-0.00307319
108	0.00486479	0.0018447582854866174	-0.00302003
109	0.00469624	0.0018502662600752822	-0.00284597
110	0.004639	0.0018778838852612893	-0.00276112
111	0.00457706	0.0019237905816344714	-0.00265327
112	0.00472378	0.0019777303424335646	-0.00274605
113	0.00470846	0.0020616684620700485	-0.00264679
114	0.00468251	0.002157347313278422	-0.00252516
115	0.00471193	0.002149187758531236	-0.00256274
116	0.00447739	0.0020405129915685607	-0.00243688
117	0.00420751	0.0019312289271600155	-0.00227628
118	0.00417303	0.0019090396662700744	-0.00226399
119	0.00424827	0.0019685051245955025	-0.00227976
120	0.00425991	0.0021004219521164927	-0.00215949
121	0.00418496	0.0022855414663271807	-0.00189942
122	0.00431491	0.002517518712614738	-0.00179739
123	0.00455921	0.002882306937214127	-0.0016769
124	0.00490577	0.0034322378301847086	-0.00147353
125	0.00505553	0.003931602466370944	-0.00112393
126	0.00487137	0.003985093579578531	-0.000886276
127	0.00473506	0.003552271427997865	-0.00118279
128	0.00430299	0.003043953278042205	-0.00125904
129	0.00407915	0.0028234855075753252	-0.00125566
130	0.00423476	0.003062901099388426	-0.00117186
131	0.00418474	0.0034299560019596773	-0.000754784
132	0.00451497	0.003938230416278828	-0.00057674
133	0.00461016	0.00450815778538342	-0.000102002
134	0.0050178	0.005198637291154938	0.000180837
135	0.00540296	0.0060504032477782955	0.000647443
136	0.00568463	0.006845863860204346	0.00116123
137	0.0054936	0.007149275407748265	0.00165568
138	0.00530358	0.006921896406224611	0.00161832
139	0.0049388	0.006637384513655986	0.00169858
140	0.00509919	0.006874006313028456	0.00177482
141	0.00543253	0.007675362946621998	0.00224283
142	0.00579897	0.008729761681339399	0.00293079
143	0.0061378	0.009878794328577219	0.00374099
144	0.00650764	0.010790603025342536	0.00428296
145	0.00641361	0.011145053060203561	0.00473144
146	0.00627216	0.011057616661354056	0.00478546
147	0.00599628	0.010893154660267091	0.00489687
148	0.00588115	0.010845359041762872	0.00496421
149	0.00573486	0.010877083957753936	0.00514222
150	0.0055846	0.01101011704449431	0.00542552
151	0.00550235	0.011337223302141717	0.00583487
152	0.00551817	0.01178984969315344	0.00627168
153	0.00569344	0.012247801969861959	0.00655436
154	0.0056396	0.01269346210295398	0.00705386
155	0.00604066	0.013202998133166796	0.00716234
156	0.00603632	0.013639640435376878	0.00760332
157	0.00584125	0.01388974638885108	0.0080485
158	0.00576637	0.014170916507180463	0.00840455
159	0.00583771	0.014676742154635884	0.00883903
160	0.00589495	0.015405135454818263	0.00951019
161	0.00612645	0.01624995116133659	0.0101235
162	0.00620097	0.017179656594902754	0.0109787
163	0.00619541	0.018180298372347515	0.0119849
164	0.00651899	0.019233741926480648	0.0127148
165	0.00669541	0.02015660216122555	0.0134612
166	0.00687148	0.020663323388740978	0.0137918
167	0.00669469	0.02063224993363621	0.0139376
168	0.00650301	0.019972148972300492	0.0134691
169	0.00621557	0.018824648072828888	0.0126091
170	0.0057796	0.017470945510153376	0.0116913
171	0.00536141	0.016113208120619567	0.0107518
172	0.00473694	0.014903925346283667	0.010167
173	0.0045462	0.0140959121773989	0.00954971
174	0.0043113	0.013617094000122117	0.00930579
175	0.00420375	0.013271639070763275	0.00906789
176	0.00391248	0.012875517549924565	0.00896304
177	0.00378455	0.012192675915654299	0.00840813
178	0.00346284	0.011209053303741879	0.00774621
179	0.00311071	0.010131794980895238	0.00702108
180	0.00285377	0.00911265360091501	0.00625888
181	0.002484	0.008208818653905176	0.00572482
182	0.00229001	0.007487625011297462	0.00519762
183	0.00212681	0.00690884074701913	0.00478203
184	0.00198999	0.006435314724686803	0.00444532
185	0.00176854	0.006060562921797707	0.00429202
186	0.00168441	0.005752916878492873	0.00406851
187	0.00163425	0.005458727404394848	0.00382448
188	0.00152359	0.005145892685233246	0.0036223
189	0.00143404	0.0048044684378521114	0.00337043
190	0.00132093	0.004440611096261155	0.00311968
191	0.00116792	0.004089348903350089	0.00292143
192	0.00107338	0.003769118002103367	0.00269574
193	0.00103066	0.0034924915304557083	0.00246183
194	0.000965326	0.003251829187148279	0.0022865
195	0.000918346	0.0030476013446639216	0.00212926
196	0.000862983	0.0028731184515936557	0.00201014
197	0.000802559	0.0027220944392143303	0.00191954
198	0.000743582	0.0025814617853863785	0.00183788
199	0.000692627	0.0024392575071824516	0.00174663
200	0.000626132	0.002294983218444035	0.00166885
201	0.000599173	0.002145895865785923	0.00154672
202	0.000571347	0.0020012276704650957	0.00142988
203	0.000522488	0.0018703296260063058	0.00134784
204	0.000520319	0.0017518121969254472	0.00123149
205	0.000470159	0.001643901946040172	0.00117374
206	0.00046828	0.0015486828907228056	0.0010804
207	0.000426866	0.001461865508349506	0.001035
208	0.000434527	0.0013809068432184403	0.00094638
209	0.000385885	0.0013028040008098518	0.000916919
210	0.000384801	0.0012267763143047545	0.000841975
211	0.000345916	0.0011503478607252451	0.000804432
212	0.000319679	0.0010770142036729267	0.000757335
213	0.000310717	0.0010078512969766776	0.000697134
214	0.000286649	0.0009431225549439657	0.000656474
215	0.000272121	0.0008836651005258724	0.000611544
216	0.000267279	0.0008313322670511783	0.000564053
217	0.000251884	0.0007827995744375639	0.000530916
218	0.000235405	0.0007386627420738127	0.000503258
219	0.000227454	0.0006966152153783052	0.000469161
220	0.000244006	0.0006595009541394332	0.000415495
221	0.000209458	0.0006262064147492279	0.000416748
222	0.000195436	0.0005946311432399436	0.000399195
223	0.000204832	0.0005620438062335439	0.000357212
224	0.000204181	0.000530993219435446	0.000326812
225	0.000187558	0.0004991255194546044	0.000311568
226	0.000170067	0.0004699407006270396	0.000299874
227	0.000167031	0.000442155708021583	0.000275125
228	0.000172452	0.0004196675869488333	0.000247216
229	0.000162189	0.00039947601557353466	0.000237287
230	0.000156696	0.0003843097545892229	0.000227614
231	0.000160526	0.00037422454549340895	0.000213699
232	0.000145421	0.00036588576039268804	0.000220465
233	0.000153299	0.00035544523498197097	0.000202146
234	0.000144264	0.00034088498412444487	0.000196621
235	0.00013747	0.00032252559289425604	0.000185056
236	0.000130026	0.00030468531222550247	0.000174659
237	0.00012699	0.0002886373350921009	0.000161647
238	0.000129231	0.0002754095918789198	0.000146179
239	0.000129303	0.0002651011309392287	0.000135798
240	0.000121425	0.0002583132458115623	0.000136888
241	0.000113908	0.0002552796220047166	0.000141372
242	0.00011015	0.000255395535734156	0.000145246
243	0.000108559	0.00025652723106054493	0.000147968
244	0.000106608	0.00025563022173136874	0.000149022
245	0.000122509	0.00024958855803576557	0.00012708
246	0.000109138	0.00024059902668333353	0.000131461
247	0.000101549	0.00023067832646863522	0.000129129
248	0.000101476	0.00022192762599400006	0.000120452
249	0.000104801	0.00021392657719742877	0.000109126
250	0.000100609	0.00020850607388178091	0.000107897
251	0.000104151	0.0002059058044863536	0.000101755
252	0.000105452	0.0002062774144697599	0.000100825
253	9.9308e-05	0.00020873318475240886	0.000109425
254	9.91635e-05	0.00021186700032785764	0.000112704
255	9.33091e-05	0.00021335587001906667	0.000120047
256	0.000109933	0.00021059366442702422	0.000100661
257	9.4321e-05	0.0002065441160963123	0.000112223
258	8.31181e-05	0.00020134343437854094	0.000118225
259	9.20804e-05	0.0001961323189958509	0.000104052
260	9.50437e-05	0.00019130624872673645	9.62625e-05
261	9.20081e-05	0.00018877872913190675	9.67706e-05
262	8.79606e-05	0.0001897710707145183	0.00010181
263	9.73566e-05	0.0001941121899552875	9.67556e-05
264	9.27309e-05	0.00020044785431853174	0.000107717
265	7.70469e-05	0.0002045294182785833	0.000127483
266	8.30458e-05	0.0002062612637281734	0.000123215
267	8.78883e-05	0.00020552690523019585	0.000117639
268	9.28032e-05	0.0002043474723136309	0.000111544
269	8.44913e-05	0.00020386780958120336	0.000119377
270	7.40112e-05	0.00020405175652298948	0.000130041
271	8.73824e-05	0.0002064404940817086	0.000119058
272	8.31904e-05	0.00021386440398866655	0.000130674
273	8.74547e-05	0.0002266936669581027	0.000139239
274	9.11408e-05	0.00023821957937419957	0.000147079
275	8.43468e-05	0.0002441257483527761	0.000159779
276	7.78419e-05	0.0002437001119948592	0.000165858
277	8.30458e-05	0.00024009549515581797	0.00015705
278	7.46617e-05	0.0002383193423620525	0.000163658
279	8.64428e-05	0.00023891806321608674	0.000152475
280	7.3939e-05	0.00024260529181297752	0.000168666
281	8.95507e-05	0.0002508956246889389	0.000161345
282	7.63964e-05	0.00026445195688360124	0.000188056
283	7.65409e-05	0.00028239943273987585	0.000205859
284	7.74082e-05	0.00030300134729300507	0.000225593
285	7.36499e-05	0.0003207440088776562	0.000247094
286	7.50954e-05	0.0003290270524808662	0.000253932
287	7.89983e-05	0.00033166562628996767	0.000252667
288	8.36963e-05	0.0003338292539548926	0.000250133
289	7.69746e-05	0.00033992751670950685	0.000262953
290	7.97934e-05	0.0003517155570908219	0.000271922
291	7.43726e-05	0.00036672359797835255	0.000292351
292	7.32885e-05	0.0003818285433154023	0.00030854
293	7.24212e-05	0.00039695778622829013	0.000324537
294	8.13834e-05	0.0004114430004545515	0.00033006
295	7.72637e-05	0.0004268732474539984	0.00034961
296	8.00825e-05	0.00044421328391432044	0.000364131
297	8.57923e-05	0.0004623301281668783	0.000376538
298	7.96488e-05	0.00048220983300994904	0.000402561
299	7.27103e-05	0.0005045706061999237	0.00043186
300	8.38409e-05	0.0005254256443225193	0.000441585
301	7.35776e-05	0.0005398676946199389	0.00046629
302	7.85647e-05	0.0005449969128793629	0.000466432
303	8.80329e-05	0.0005451987256857359	0.000457166
304	7.69023e-05	0.0005465869748275918	0.000469685
305	7.56736e-05	0.0005540937823462327	0.00047842
306	7.63241e-05	0.0005675506374068754	0.000491227
307	7.23489e-05	0.0005845698029392178	0.000512221
308	8.1528e-05	0.0006065701144452883	0.000525042
309	7.46617e-05	0.0006289703354642707	0.000554309
310	7.69023e-05	0.0006490761506895526	0.000572174
311	7.33607e-05	0.0006618736838834825	0.000588513
312	8.00102e-05	0.0006594727975368443	0.000579463
313	8.29735e-05	0.0006456956432558886	0.000562722
314	7.64686e-05	0.0006312610251581372	0.000554792
315	8.31181e-05	0.000624416398044543	0.000541298
316	7.01806e-05	0.00062022549499322	0.000550045
317	7.15538e-05	0.0006178228935235815	0.000546269
318	7.0036e-05	0.0006176958314946399	0.00054766
319	7.10479e-05	0.000617147992622949	0.0005461
320	6.56994e-05	0.0006177785861794062	0.000552079
321	7.57459e-05	0.0006171578545802009	0.000541412
322	7.15538e-05	0.0006148957502696733	0.000543342
323	6.76509e-05	0.0006133337019971166	0.000545683
324	6.75786e-05	0.00061009211952648	0.000542514
325	6.09292e-05	0.00060681652044967	0.000545887
326	6.54826e-05	0.0006027298111206175	0.000537247
327	6.84459e-05	0.000595027050799188	0.000526581
328	6.42539e-05	0.0005884569862925644	0.000524203
329	8.14557e-05	0.0005816406587084758	0.000500185
330	6.38202e-05	0.0005767605620648508	0.00051294
331	7.0036e-05	0.0005735362737511342	0.0005035
332	6.41093e-05	0.0005715584510779125	0.000507449
333	5.94836e-05	0.0005704497669851115	0.000510966
334	6.07846e-05	0.0005669637794869268	0.000506179
335	6.57717e-05	0.0005642573153923953	0.000498486
336	6.0351e-05	0.0005606302590274331	0.000500279
337	6.05678e-05	0.0005556039481480293	0.000495036
338	6.5338e-05	0.0005493024433178751	0.000483964
339	6.54826e-05	0.0005425950260443079	0.000477112
340	4.89313e-05	0.0005385662021165166	0.000489635
341	5.40629e-05	0.000529253370078521	0.00047519
342	5.72431e-05	0.000525981058320795	0.000468738
343	5.08104e-05	0.0005198932292310995	0.000469083
344	5.47134e-05	0.0005168213010105796	0.000462108
345	5.5147e-05	0.0005142794887240804	0.000459132
346	4.79917e-05	0.000509036214785134	0.000461045
347	5.99896e-05	0.0005042840377319507	0.000444294
348	5.00877e-05	0.0004983378492166997	0.00044825
349	4.97986e-05	0.000491782363255579	0.000441984
350	4.78471e-05	0.0004842421108384315	0.000436395
351	4.72689e-05	0.0004781985890929113	0.00043093
352	4.81362e-05	0.00047134510051048207	0.000423209
353	5.3557e-05	0.00046528285533887484	0.000411726
354	4.58956e-05	0.00046120500747865736	0.000415309
355	4.56065e-05	0.0004551298988845476	0.000409523
356	3.96799e-05	0.0004496462218717207	0.000409966
357	4.19927e-05	0.0004437880763371536	0.000401795
358	4.37273e-05	0.00043707022539866763	0.000393343
359	4.51006e-05	0.000429824545356828	0.000384724
360	4.27877e-05	0.0004223344602874404	0.000379547
361	4.01858e-05	0.0004137378350290021	0.000373552
362	3.92462e-05	0.00040577237503468787	0.000366526
363	4.24986e-05	0.0003973971435702097	0.000354899
364	4.77748e-05	0.00038959733587234463	0.000341823
365	4.31491e-05	0.00038125197613345574	0.000338103
366	3.84512e-05	0.00037312172140419237	0.000334671
367	4.39442e-05	0.00036457326251668025	0.000320629
368	4.22095e-05	0.0003569105217319254	0.000314701
369	4.21373e-05	0.0003485621605277859	0.000306425
370	4.08363e-05	0.0003404041779766838	0.000299568
371	3.92462e-05	0.0003314105017436676	0.000292164
372	3.89571e-05	0.00032233249862980145	0.000283375
373	4.52452e-05	0.000312935339710956	0.00026769
374	4.92204e-05	0.0003038912102763465	0.000254671
375	4.22818e-05	0.0002941637472530195	0.000251882
376	4.6257e-05	0.0002847837395641774	0.000238527
377	4.24986e-05	0.00027550106510560444	0.000233002
378	4.4956e-05	0.0002670034882004356	0.000222047
379	4.24264e-05	0.0002581730345062848	0.000215747
380	4.36551e-05	0.0002499814641297594	0.000206326
381	3.88125e-05	0.0002418807952722519	0.000203068
382	4.0764e-05	0.00023383286644700473	0.000193069
383	3.9463e-05	0.00022582081227784796	0.000186358
384	3.82343e-05	0.00021797784065114104	0.000179744
385	3.91016e-05	0.00020974224878427368	0.000170641
386	3.51264e-05	0.00020158483794083837	0.000166458
387	4.12699e-05	0.0001932489113784513	0.000151979
388	3.93907e-05	0.00018602567086253277	0.000146635
389	4.01135e-05	0.00017871753175809755	0.000138604
390	3.8668e-05	0.00017178857776365346	0.000133121
391	4.14145e-05	0.00016543018802065476	0.000124016
392	3.64997e-05	0.0001595134424502428	0.000123014
393	3.87403e-05	0.00015391199365805944	0.000115172
394	3.66442e-05	0.00014843246152581666	0.000111788
395	3.85234e-05	0.00014234434658228772	0.000103821
396	3.74393e-05	0.0001365107844773921	9.90715e-05
397	4.14145e-05	0.00013047155053937272	8.90571e-05
398	3.95353e-05	0.0001251047877444021	8.55695e-05
399	4.35828e-05	0.000120085194430083	7.65024e-05
400	3.49819e-05	0.00011504173232067587	8.00598e-05
401	4.06917e-05	0.00011038260069026088	6.96909e-05
402	3.85234e-05	0.0001062014166692731	6.7678e-05
403	3.49819e-05	0.00010263896327065682	6.76571e-05
404	3.78729e-05	9.941281690702324e-05	6.15399e-05
405	3.59937e-05	9.588709572599751e-05	5.98934e-05
406	3.9463e-05	9.243912678765371e-05	5.29761e-05
407	3.83789e-05	8.888424851562225e-05	5.05053e-05
408	3.38977e-05	8.568068460482645e-05	5.1783e-05
409	3.70779e-05	8.23266186507511e-05	4.52487e-05
410	3.58492e-05	7.90141444294339e-05	4.31649e-05
411	3.80898e-05	7.610086508644511e-05	3.80111e-05
412	3.95353e-05	7.348501665709807e-05	3.39497e-05
413	3.57046e-05	7.15726545117225e-05	3.58681e-05
414	4.00412e-05	6.986996615313812e-05	2.98288e-05
415	3.64274e-05	6.781482001798452e-05	3.13874e-05
416	3.22354e-05	6.575381387924643e-05	3.35184e-05
417	3.64274e-05	6.385245710645636e-05	2.74251e-05
418	3.46205e-05	6.21220409260332e-05	2.75015e-05
419	3.6572e-05	6.034074276326672e-05	2.37687e-05
420	3.38977e-05	5.8395936207801454e-05	2.44982e-05
421	3.42591e-05	5.659791559578168e-05	2.23388e-05
422	3.70779e-05	5.535488020128757e-05	1.8277e-05
423	3.54155e-05	5.440841815893503e-05	1.89929e-05
424	3.96799e-05	5.317338667177582e-05	1.34935e-05
425	3.6572e-05	5.210072016198183e-05	1.55287e-05
426	3.37532e-05	5.101090242218447e-05	1.72577e-05
427	3.54155e-05	5.008387844050242e-05	1.46684e-05
428	3.5271e-05	4.9391397529116425e-05	1.41204e-05
429	3.57769e-05	4.8536980421115296e-05	1.27601e-05
430	3.33918e-05	4.774116334895901e-05	1.43494e-05
431	3.49819e-05	4.687416867228875e-05	1.18923e-05
432	3.54155e-05	4.643209571895193e-05	1.10166e-05
433	3.55601e-05	4.635520103777016e-05	1.07951e-05
434	3.68611e-05	4.6418231808032535e-05	9.55713e-06
435	3.27413e-05	4.671909296767496e-05	1.39778e-05
436	3.51987e-05	4.669636758792049e-05	1.14977e-05
437	3.55601e-05	4.638993227852698e-05	1.08298e-05
438	3.84512e-05	4.59687266550276e-05	7.51753e-06
439	3.64274e-05	4.513188955777992e-05	8.70449e-06
440	3.1874e-05	4.413483138691744e-05	1.22608e-05
441	3.23076e-05	4.3356880179348e-05	1.10493e-05
442	3.397e-05	4.296797603902162e-05	8.99798e-06
443	3.55601e-05	4.3095038067963244e-05	7.53494e-06
444	3.20908e-05	4.351324222621204e-05	1.14224e-05
445	3.67165e-05	4.390386148953875e-05	7.18736e-06
446	3.63551e-05	4.446070475698144e-05	8.1056e-06
447	3.4765e-05	4.5004684601921605e-05	1.02397e-05
448	3.38254e-05	4.511931198911078e-05	1.12939e-05
449	3.2669e-05	4.485789865847611e-05	1.21889e-05
450	3.11512e-05	4.388685318645208e-05	1.27357e-05
451	2.93443e-05	4.344806755219924e-05	1.41038e-05
452	3.11512e-05	4.368175306099513e-05	1.25306e-05
453	3.27413e-05	4.4589338982006706e-05	1.1848e-05
454	3.11512e-05	4.616153506564879e-05	1.50103e-05
455	3.02839e-05	4.746803001115537e-05	1.71841e-05
456	3.17294e-05	4.859257899170955e-05	1.68632e-05
457	3.09344e-05	4.840834619609003e-05	1.74739e-05
458	3.04284e-05	4.781562827255697e-05	1.73872e-05
459	2.94889e-05	4.688646038712449e-05	1.73976e-05
460	2.93443e-05	4.585810122150587e-05	1.65138e-05
461	3.20185e-05	4.5276388670558294e-05	1.32579e-05
462	3.18017e-05	4.492621772465619e-05	1.31245e-05
463	3.09344e-05	4.519263349737518e-05	1.42582e-05
464	3.41868e-05	4.57594816489865e-05	1.15727e-05
465	2.94166e-05	4.606234378546265e-05	1.66457e-05
466	3.24522e-05	4.6280736114172205e-05	1.38285e-05
467	2.9272e-05	4.6429665961368115e-05	1.71577e-05
468	3.09344e-05	4.636820738718938e-05	1.54338e-05
469	3.1368e-05	4.5747761641817534e-05	1.43798e-05
470	2.3779e-05	4.470210831927885e-05	2.09231e-05
471	2.3779e-05	4.455189212983268e-05	2.07729e-05
472	2.43572e-05	4.4231164128769695e-05	1.9874e-05
473	2.55859e-05	4.4768998116291985e-05	1.91831e-05
474	2.26226e-05	4.528382087022642e-05	2.26612e-05
475	2.52245e-05	4.541088289916804e-05	2.01864e-05
476	2.36344e-05	4.561984205137575e-05	2.19854e-05
477	2.35622e-05	4.564742694629783e-05	2.20852e-05
478	2.51523e-05	4.5792211912909595e-05	2.06399e-05
479	2.49354e-05	4.594442907918949e-05	2.1009e-05
480	2.70314e-05	4.595700664785863e-05	1.89256e-05
481	2.42127e-05	4.604362035937564e-05	2.18309e-05
482	2.26226e-05	4.67043714952554e-05	2.40818e-05
483	2.60919e-05	4.706611952140977e-05	2.09742e-05
484	2.42127e-05	4.7499616859744905e-05	2.32869e-05
485	2.21889e-05	4.784607170581295e-05	2.56572e-05
486	2.34176e-05	4.823111681938856e-05	2.48135e-05
487	2.48631e-05	4.841520668809138e-05	2.35521e-05
488	2.59473e-05	4.8897299178102725e-05	2.295e-05
489	2.64532e-05	4.9145134451651396e-05	2.26919e-05
490	2.4574e-05	4.889758503193611e-05	2.43236e-05
491	2.7176e-05	4.886785623326361e-05	2.16919e-05
492	2.52245e-05	4.865332293130481e-05	2.34288e-05
493	2.58027e-05	4.896890556336679e-05	2.31662e-05
494	2.55136e-05	4.9172004711990004e-05	2.36584e-05
495	2.48631e-05	4.9466577087297854e-05	2.46035e-05
496	2.53691e-05	4.951860248497474e-05	2.41495e-05
497	2.28394e-05	4.9624082549495456e-05	2.67847e-05
498	2.55136e-05	4.99077924791345e-05	2.43942e-05
499	2.44295e-05	5.020307948902583e-05	2.57736e-05
500	2.78265e-05	5.0321565902965765e-05	2.24951e-05
501	1.06969e-05	4.6310750766678096e-05	3.56139e-05
502	1.24316e-05	4.6443244018454114e-05	3.40116e-05
503	1.44553e-05	4.66553475628291e-05	3.22e-05
504	1.26484e-05	4.697150190255786e-05	3.43231e-05
505	1.23593e-05	4.706040244474199e-05	3.47011e-05
506	1.23593e-05	4.701466583139967e-05	3.46554e-05
507	1.24316e-05	4.714787371775916e-05	3.47163e-05
508	1.18534e-05	4.77821833740504e-05	3.59288e-05
509	1.37326e-05	4.806632208443953e-05	3.43337e-05
510	1.0191e-05	4.793511517491376e-05	3.77441e-05
511	1.16365e-05	4.7519483701165476e-05	3.5883e-05
512	1.34434e-05	4.7469316353405625e-05	3.40259e-05
513	1.26484e-05	4.7515195893664633e-05	3.48668e-05
514	1.13474e-05	4.7461598299904105e-05	3.61142e-05
515	1.17811e-05	4.699194045164521e-05	3.52108e-05
516	1.01187e-05	4.700594728948129e-05	3.68872e-05
517	1.16365e-05	4.6726096386592995e-05	3.50896e-05
518	1.17088e-05	4.713029370700571e-05	3.54215e-05
519	1.32989e-05	4.69460609113862e-05	3.36472e-05
520	1.13474e-05	4.6829861328113374e-05	3.54825e-05
521	1.02633e-05	4.664305584799336e-05	3.63798e-05
522	1.29375e-05	4.651199186538428e-05	3.35745e-05
523	1.14197e-05	4.655658506339304e-05	3.51369e-05
524	1.09138e-05	4.6357059087687193e-05	3.54433e-05
525	1.17811e-05	4.61315204131429e-05	3.43504e-05
526	9.39596e-06	4.5876681720676186e-05	3.64807e-05
527	1.10583e-05	4.583694803783505e-05	3.47786e-05
528	1.08415e-05	4.565285816913223e-05	3.48114e-05
529	1.11306e-05	4.572060552764553e-05	3.459e-05
530	1.15643e-05	4.5530798582274926e-05	3.39665e-05
531	1.13474e-05	4.5414456072085414e-05	3.40671e-05
532	1.17088e-05	4.5111879789442655e-05	3.34031e-05
533	1.04801e-05	4.499239288708586e-05	3.45123e-05
534	1.19979e-05	4.486390158897729e-05	3.2866e-05
535	9.17913e-06	4.4387097394883656e-05	3.5208e-05
536	1.03356e-05	4.414540797875286e-05	3.38098e-05
537	1.22147e-05	4.392887369996033e-05	3.17142e-05
538	1.12751e-05	4.3573986165807304e-05	3.22989e-05
539	1.04801e-05	4.3455070971117285e-05	3.2975e-05
540	1.04801e-05	4.307359903045903e-05	3.25935e-05
541	1.21425e-05	4.2760589082897565e-05	3.06181e-05
542	1.18534e-05	4.2347101512899696e-05	3.04937e-05
543	1.15643e-05	4.2239763398461944e-05	3.06755e-05
544	1.0986e-05	4.195619639573959e-05	3.09702e-05
545	1.26484e-05	4.1414217527633154e-05	2.87658e-05
546	1.16365e-05	4.113479540549495e-05	2.94983e-05
547	9.90189e-06	4.066828194940333e-05	3.07664e-05
548	1.23593e-05	4.043945595577506e-05	2.80802e-05
549	1.10583e-05	3.995021711992898e-05	2.88919e-05
550	1.08415e-05	3.95534519991844e-05	2.8712e-05
551	1.22147e-05	3.919427665753052e-05	2.69796e-05
552	1.24316e-05	3.87306217397728e-05	2.6299e-05
553	1.19979e-05	3.8398173731540846e-05	2.64003e-05
554	1.07692e-05	3.7728846980659404e-05	2.69596e-05
555	1.00464e-05	3.711926368095636e-05	2.70729e-05
556	1.09138e-05	3.6688910734788506e-05	2.57751e-05
557	1.12751e-05	3.627813877620784e-05	2.5003e-05
558	1.25761e-05	3.5835922895954325e-05	2.32598e-05
559	1.00464e-05	3.5337250883606395e-05	2.52909e-05
560	1.08415e-05	3.4660634859973515e-05	2.38191e-05
561	1.02633e-05	3.4122086237867755e-05	2.38588e-05
562	1.19979e-05	3.370030890670159e-05	2.17024e-05
563	1.12029e-05	3.319935006368654e-05	2.19965e-05
564	1.03356e-05	3.283331423003132e-05	2.24977e-05
565	1.15643e-05	3.2250887044500276e-05	2.06866e-05
566	1.07692e-05	3.1635443741212745e-05	2.08662e-05
567	9.82962e-06	3.120652006421184e-05	2.13769e-05
568	1.01187e-05	3.0655536800353636e-05	2.05368e-05
569	1.19979e-05	3.031208341953619e-05	1.83142e-05
570	9.90189e-06	2.947267363778801e-05	1.95708e-05
571	1.0986e-05	2.902516946161679e-05	1.80392e-05
572	9.75734e-06	2.8568660889693806e-05	1.88113e-05
573	1.13474e-05	2.816860844986524e-05	1.68212e-05
574	1.06247e-05	2.7549877827493733e-05	1.69252e-05
575	1.02633e-05	2.6885410591779907e-05	1.66221e-05
576	8.67319e-06	2.648978888636888e-05	1.78166e-05
577	1.15643e-05	2.6051146179032737e-05	1.44868e-05
578	1.19979e-05	2.5475150704752953e-05	1.34773e-05
579	1.13474e-05	2.4971190396487315e-05	1.36238e-05
580	9.54051e-06	2.447694911855692e-05	1.49364e-05
581	9.61279e-06	2.3914245847529748e-05	1.43015e-05
582	9.46823e-06	2.3553212455958845e-05	1.4085e-05
583	1.04078e-05	2.306740386611344e-05	1.26596e-05
584	1.05524e-05	2.2657775322866327e-05	1.21054e-05
585	9.90189e-06	2.2169108194687026e-05	1.22672e-05
586	8.89002e-06	2.1553807818316192e-05	1.26638e-05
587	8.31181e-06	2.104127189504887e-05	1.27295e-05
588	9.46823e-06	2.0769853680245567e-05	1.13016e-05
589	7.44449e-06	2.030605583557115e-05	1.28616e-05
590	9.61279e-06	1.996103025867006e-05	1.03482e-05
591	1.11306e-05	1.9502377782996652e-05	8.37178e-06
592	1.04801e-05	1.9137199510841604e-05	8.6571e-06
593	1.20702e-05	1.8843198843200534e-05	6.773e-06
594	1.07692e-05	1.8484023501546664e-05	7.71482e-06
595	8.9623e-06	1.8117701814058057e-05	9.1554e-06
596	9.54051e-06	1.78395660341701e-05	8.29906e-06
597	8.31181e-06	1.7460666778012356e-05	9.14886e-06
598	9.32368e-06	1.71689529410384e-05	7.84527e-06
599	1.12029e-05	1.681578052988571e-05	5.61288e-06
600	7.7336e-06	1.6467324706983947e-05	8.73372e-06
601	9.17913e-06	1.6118154249498706e-05	6.93902e-06
602	8.81774e-06	1.59689385484694e-05	7.1512e-06
603	9.03457e-06	1.5742399385508246e-05	6.70783e-06
604	9.90189e-06	1.5447827010200396e-05	5.54594e-06
605	9.46823e-06	1.5260592749330294e-05	5.79236e-06
606	8.89002e-06	1.494958377860255e-05	6.05956e-06
607	9.03457e-06	1.477364074415133e-05	5.73907e-06
608	9.90189e-06	1.4645292372959457e-05	4.7434e-06
609	9.75734e-06	1.4491931791346007e-05	4.73459e-06
610	9.61279e-06	1.4168345251949126e-05	4.55556e-06
611	9.54051e-06	1.3928085104985275e-05	4.38758e-06
612	1.08415e-05	1.3815458694629823e-05	2.97396e-06
613	9.82962e-06	1.370368984577454e-05	3.87407e-06
614	7.87815e-06	1.3590634654669005e-05	5.71248e-06
615	9.54051e-06	1.3310783751780713e-05	3.77027e-06
616	7.7336e-06	1.3210734910094398e-05	5.47713e-06
617	7.87815e-06	1.2976906474381811e-05	5.09876e-06
618	1.0191e-05	1.2962613782712337e-05	2.77161e-06
619	7.87815e-06	1.289057861669819e-05	5.01243e-06
620	8.9623e-06	1.2521255463958994e-05	3.55896e-06
621	8.9623e-06	1.2496814961204195e-05	3.53451e-06
622	9.2514e-06	1.2398481242518216e-05	3.14708e-06
623	9.75734e-06	1.2316584119252133e-05	2.55924e-06
624	9.82962e-06	1.2320871926752974e-05	2.49125e-06
625	9.10685e-06	1.2027585893695378e-05	2.92074e-06
626	9.32368e-06	1.2031016139696051e-05	2.70734e-06
627	7.80587e-06	1.1872653115998284e-05	4.06678e-06
628	8.81774e-06	1.2131350835215755e-05	3.31361e-06
629	1.06969e-05	1.2051454688783398e-05	1.35455e-06
630	8.23953e-06	1.1911672164255948e-05	3.67214e-06
631	8.31181e-06	1.1889661419084959e-05	3.57785e-06
632	7.58904e-06	1.1803476488318032e-05	4.21444e-06
633	9.32368e-06	1.1834348702324096e-05	2.51067e-06
634	9.82962e-06	1.1803476488318032e-05	1.97386e-06
635	9.10685e-06	1.1616956862031402e-05	2.51011e-06
636	8.74547e-06	1.147531628758692e-05	2.72985e-06
637	9.90189e-06	1.1444301146664162e-05	1.54241e-06
638	1.04078e-05	1.1446587977331278e-05	1.03879e-06
639	9.10685e-06	1.135697280056368e-05	2.25012e-06
640	9.32368e-06	1.1256209324293891e-05	1.93253e-06
641	9.32368e-06	1.1265356646962354e-05	1.94168e-06
642	8.23953e-06	1.1152587309690208e-05	2.91306e-06
643	7.7336e-06	1.1168023416693239e-05	3.43442e-06
644	8.89002e-06	1.1055968714004566e-05	2.16595e-06
645	8.38409e-06	1.0918044239394147e-05	2.53395e-06
646	8.74547e-06	1.0903179840057894e-05	2.15771e-06
647	7.08311e-06	1.0796699287120317e-05	3.71359e-06
648	8.81774e-06	1.0904466182308147e-05	2.08673e-06
649	7.87815e-06	1.0776117811116273e-05	2.89797e-06
650	9.03457e-06	1.0699366056851201e-05	1.6648e-06
651	9.03457e-06	1.0702224595185096e-05	1.66765e-06
652	7.58904e-06	1.0576305981577034e-05	2.98727e-06
653	7.95043e-06	1.0672495796512592e-05	2.72207e-06
654	1.0191e-05	1.0674639700263011e-05	4.8364e-07
655	7.7336e-06	1.0638193336505854e-05	2.90459e-06
656	8.31181e-06	1.0611894783834023e-05	2.30008e-06
657	7.08311e-06	1.0552151332655623e-05	3.46904e-06
658	7.66132e-06	1.0515276188148383e-05	2.85396e-06
659	7.87815e-06	1.0625329914003328e-05	2.74718e-06
660	6.86628e-06	1.0488977635476551e-05	3.6227e-06
661	7.15538e-06	1.0446671268134908e-05	3.29129e-06
662	8.60092e-06	1.031846582385973e-05	1.71755e-06
663	6.57717e-06	1.0413369296545035e-05	3.8362e-06
664	7.87815e-06	1.0464394205805057e-05	2.58624e-06
665	9.17913e-06	1.0342477545864447e-05	1.16335e-06
666	8.89002e-06	1.031417801635889e-05	1.42416e-06
667	7.51677e-06	1.0471254697806403e-05	2.95448e-06
668	7.08311e-06	1.0490835685393582e-05	3.40773e-06
669	8.67319e-06	1.0647483586091012e-05	1.97429e-06
670	6.794e-06	1.0565157682074845e-05	3.77116e-06
671	7.66132e-06	1.0483260558808761e-05	2.82194e-06
672	6.86628e-06	1.0501412277228993e-05	3.63513e-06
673	8.09498e-06	1.059974599591497e-05	2.50477e-06
674	7.58904e-06	1.0565872316658319e-05	2.97683e-06
675	5.8544e-06	1.0538001567902846e-05	4.6836e-06
676	7.87815e-06	1.0591456234746675e-05	2.71331e-06
677	8.31181e-06	1.0755393408195538e-05	2.44358e-06
678	7.51677e-06	1.0685787999765202e-05	3.16902e-06
679	7.29994e-06	1.0932479857980314e-05	3.63254e-06
680	7.95043e-06	1.1211759053201827e-05	3.26133e-06
681	7.22766e-06	1.0687503122765539e-05	3.45984e-06
682	7.58904e-06	1.0549435721238424e-05	2.9604e-06
683	5.5653e-06	1.0506843500063393e-05	4.94154e-06
684	5.8544e-06	1.0536572298735898e-05	4.68217e-06
685	6.14351e-06	1.0263296034015564e-05	4.11979e-06
686	6.64945e-06	1.0288165317520448e-05	3.63872e-06
687	7.7336e-06	1.0177254030165333e-05	2.44365e-06
688	6.86628e-06	1.0163533046162639e-05	3.29725e-06
689	6.07123e-06	1.0258579445764637e-05	4.18735e-06
690	6.57717e-06	1.020012233683649e-05	3.62295e-06
691	7.51677e-06	9.94356852136944e-06	2.4268e-06
692	5.92668e-06	1.0083208118980196e-05	4.15653e-06
693	5.5653e-06	1.0155814992661121e-05	4.59051e-06
694	6.794e-06	1.0092641295482049e-05	3.29864e-06
695	5.99896e-06	9.989876842378535e-06	3.99092e-06
696	5.13164e-06	9.947713401953588e-06	4.81607e-06
697	5.27619e-06	9.975727077625756e-06	4.69954e-06
698	6.64945e-06	1.0044046143805838e-05	3.3946e-06
699	4.6257e-06	1.0096357395316112e-05	5.47066e-06
700	5.20392e-06	1.0271157014433773e-05	5.06724e-06
